insert into proyecto.Cuenta value('97111706321','TI','jiobanny','Estiven','herrera','Grico','Administrador',load_file('C:/imagen/o.jpg'));
insert into proyecto.Cuenta value('97092106547','TI','felipe','Esteban','Herrera','Velandia','Administrador',load_file('C:/imagen/o.jpg'));
insert into proyecto.Cuenta value('96120907325','TI','Cristian','David','Gomez','Camargo','Administrador',load_file('C:/imagen/o.jpg'));
insert into proyecto.Cuenta value('1012443153','TI','Fausto','Catiblanco','Caro','Garzón','Administrador',load_file('C:/imagen/o.jpg'));
insert into proyecto.Cuenta value('98060456500','TI','Danner','Adrian','Rengifo','Siempira','Aprendiz',load_file('C:/imagen/o.jpg'));
insert into proyecto.Cuenta value('1087107182','TI','Anyi','Jhoana','Valverde','Quiñones','Aprendiz',load_file('C:/imagen/o.jpg'));
insert into proyecto.Cuenta value('1033781013','TI','Omar','Andres','Hernandez','Arboleda','Aprendiz',load_file('C:/imagen/o.jpg'));
insert into proyecto.Cuenta value('98111051089','TI','Pedro','David','Gomez','Camargo','Aprendiz',load_file('C:/imagen/o.jpg'));
insert into proyecto.Cuenta value('1030676726','TI','Tomas','David','Hernandez','Arias','Aprendiz',load_file('C:/imagen/o.jpg'));
insert into proyecto.Cuenta value('1020824947','TI','Johan','Sebastian','Parra ','Rojas','Aprendiz',load_file('C:/imagen/o.jpg'));
insert into proyecto.Cuenta value('1073696182','TI','Michael','Andres','Marinez','Velandia','Aprendiz',load_file('C:/imagen/o.jpg'));
insert into proyecto.Cuenta value('98040962328','TI','Dorian ','Arturo','Escobar','Uribe','Aprendiz',load_file('C:/imagen/o.jpg'));
insert into proyecto.Cuenta value('1012437950','TI','John','Sebastian','Hernandez','Pardo','Aprendiz',load_file('C:/imagen/o.jpg'));
insert into proyecto.Cuenta value('97102605440','TI','Juan','Brandon','Salsedo ','Olarte','Aprendiz',load_file('C:/imagen/o.jpg'));
insert into proyecto.Cuenta value('1016081489','TI','Armando','Felipe','Puentes','Loaiza','Aprendiz',load_file('C:/imagen/o.jpg'));
insert into proyecto.Cuenta value('98020655909','TI','Jose','Francisco','Gaitan','Benancio','Aprendiz',load_file('C:/imagen/o.jpg'));
insert into proyecto.Cuenta value('98050752453','TI','luisa','marcela','barreto','guzman','Aprendiz',load_file('C:/imagen/o.jpg'));
insert into proyecto.Cuenta value('97080917191','TI','Danna','Paloma','Correa','Zamudio','Aprendiz',load_file('C:/imagen/o.jpg'));
insert into proyecto.Cuenta value('98030569261','TI','edward','andres','loaiza','ortiz','Aprendiz',load_file('C:/imagen/o.jpg'));
insert into proyecto.Cuenta value('97092112393','TI','Jessica','Alejandra','Marin ','Herrera','Aprendiz',load_file('C:/imagen/o.jpg'));
-- 
insert into proyecto.Usuario values('jiobanny123@gmail.com','12356','97111706321','TI','Administrador');
insert into proyecto.Usuario values('felipo.45@hotmail.com','123567','97092106547','TI','Administrador');
insert into proyecto.Usuario values('cdgomez523@misena.edu.co','123568','96120907325','TI','Administrador');
insert into proyecto.Usuario values('fausto_458@yahoo.es','123569','1012443153','TI','Administrador');
--
insert into proyecto.registro values(1,'97111706321','TI','23-10-15 02:00','23-10-15 02:00',null,'Adiminstrador');
insert into proyecto.registro values(2,'97092106547','TI','23-10-15 02:00','23-10-15 02:00',null,'Adiminstrador');
insert into proyecto.registro values(3,'96120907325','TI','23-10-15 02:00','23-10-15 02:00',null,'Adiminstrador');
insert into proyecto.registro values(4,'1012443153','TI','23-10-15 02:00','23-10-15 02:00',null,'Adiminstrador');
insert into proyecto.registro values(5,'98060456500','TI','23-10-15 02:00','23-10-15 02:00',null,'Aprendiz');
insert into proyecto.registro values(6,'1033781013','TI','23-10-15 02:00','23-10-15 02:00',null,'Aprendiz');
insert into proyecto.registro values(7,'1033781013','TI','23-10-15 02:00','23-10-15 02:00',null,'Aprendiz');
insert into proyecto.registro values(8,'98111051089','TI','23-10-15 02:00','23-10-15 02:00',null,'Aprendiz');
insert into proyecto.registro values(9,'1030676726','TI','23-10-15 02:00','23-10-15 02:00',null,'Aprendiz');
insert into proyecto.registro values(10,'1030676726','TI','23-10-15 02:00','23-10-15 02:00',null,'Aprendiz');
insert into proyecto.registro values(11,'1073696182','TI','23-10-15 02:00','23-10-15 02:00',null,'Aprendiz');
insert into proyecto.registro values(12,'98040962328','TI','23-10-15 02:00','23-10-15 02:00',null,'Aprendiz');
insert into proyecto.registro values(13,'1012437950','TI','23-10-15 02:00','23-10-15 02:00',null,'Aprendiz');
insert into proyecto.registro values(14,'97102605440','TI','23-10-15 02:00','23-10-15 02:00',null,'Aprendiz');
insert into proyecto.registro values(15,'1016081489','TI','23-10-15 02:00','23-10-15 02:00',null,'Aprendiz');
insert into proyecto.registro values(16,'98020655909','TI','23-10-15 02:00','23-10-15 02:00',null,'Aprendiz');
insert into proyecto.registro values(17,'98050752453','TI','23-10-15 02:00','23-10-15 02:00',null,'Aprendiz');
insert into proyecto.registro values(18,'97080917191','TI','23-10-15 02:00','23-10-15 02:00',null,'Aprendiz');
insert into proyecto.registro values(19,'98030569261','TI','23-10-15 02:00','23-10-15 02:00',null,'Aprendiz');
insert into proyecto.registro values(20,'97092112393','TI','23-10-15 02:00','23-10-15 02:00',null,'Aprendiz');
--
insert into proyecto.equipo values(1,'lenovo',null);
insert into proyecto.equipo values(2,'hp',null);
insert into proyecto.equipo values(3,'lg',null);
insert into proyecto.equipo values(4,'samsung',null);
insert into proyecto.equipo values(5,'janus',null);
insert into proyecto.equipo values(6,'apple',null);
insert into proyecto.equipo values(7,'lenovo',null);
insert into proyecto.equipo values(8,'lenovo',null);
insert into proyecto.equipo values(9,'dell',null);
insert into proyecto.equipo values(10,'toshiba',null);
insert into proyecto.equipo values(11,'sony',null);
insert into proyecto.equipo values(12,'lenovo',null);
insert into proyecto.equipo values(13,'lg',null);
insert into proyecto.equipo values(14,'lenovo',null);
insert into proyecto.equipo values(15,'lg',null);
insert into proyecto.equipo values(16,'lenovo',null);
insert into proyecto.equipo values(17,'samsung',null);
insert into proyecto.equipo values(18,'lg',null);
insert into proyecto.equipo values(19,'dell',null);
insert into proyecto.equipo values(20,'toshiba',null);
--
insert into proyecto.propiedad values(1,'97111706321','TI');
insert into proyecto.propiedad values(2,'97092106547','TI');
insert into proyecto.propiedad values(3,'96120907325','TI');
insert into proyecto.propiedad values(4,'1012443153','TI');
insert into proyecto.propiedad values(5,'98060456500','TI');
insert into proyecto.propiedad values(6,'1033781013','TI');
insert into proyecto.propiedad values(7,'1033781013','TI');
insert into proyecto.propiedad values(8,'98111051089','TI');
insert into proyecto.propiedad values(9,'1030676726','TI');
insert into proyecto.propiedad values(10,'1030676726','TI');
insert into proyecto.propiedad values(11,'1073696182','TI');
insert into proyecto.propiedad values(12,'98040962328','TI');
insert into proyecto.propiedad values(13,'1012437950','TI');
insert into proyecto.propiedad values(14,'97102605440','TI');
insert into proyecto.propiedad values(15,'1016081489','TI');
insert into proyecto.propiedad values(16,'98020655909','TI');
insert into proyecto.propiedad values(17,'98050752453','TI');
insert into proyecto.propiedad values(18,'97080917191','TI');
insert into proyecto.propiedad values(19,'98030569261','TI');
-- 
insert into proyecto.registro_equipo values(1,1,'97111706321','TI');
insert into proyecto.registro_equipo values(2,2,'97092106547','TI');
insert into proyecto.registro_equipo values(3,3,'96120907325','TI');
insert into proyecto.registro_equipo values(4,4,'1012443153','TI');
insert into proyecto.registro_equipo values(5,5,'98060456500','TI');
insert into proyecto.registro_equipo values(6,6,'1033781013','TI');
insert into proyecto.registro_equipo values(7,7,'1033781013','TI');
insert into proyecto.registro_equipo values(8,8,'98111051089','TI');
insert into proyecto.registro_equipo values(9,9,'1030676726','TI');
insert into proyecto.registro_equipo values(10,10,'1030676726','TI');
insert into proyecto.registro_equipo values(11,11,'1073696182','TI');
insert into proyecto.registro_equipo values(12,12,'98040962328','TI');
insert into proyecto.registro_equipo values(13,13,'1012437950','TI');
insert into proyecto.registro_equipo values(14,14,'97102605440','TI');
insert into proyecto.registro_equipo values(15,15,'1016081489','TI');
insert into proyecto.registro_equipo values(16,16,'98020655909','TI');
insert into proyecto.registro_equipo values(17,17,'98050752453','TI');
insert into proyecto.registro_equipo values(18,18,'97080917191','TI');
insert into proyecto.registro_equipo values(19,19,'98030569261','TI');
